Iteration	#RemainLeaves	RTL	PrunedLeaf
1	16	0.977944059852	E64328
2	15	0.951104725078	1LYLA
3	14	0.923543402054	1B8AA
4	13	0.895950636649	y_Pyrococcus
5	12	0.867686309454	A26400
6	11	0.834882414395	G64424
7	10	0.791735162608	JT0942
8	9	0.737323826265	B64744
9	8	0.680734660123	G64930
10	7	0.614591163030	E64454
11	6	0.545204354710	1ASZB
12	5	0.468941157068	1ADJA
13	4	0.390029087168	D64449
14	3	0.302568842499	1PYSA
